Date,ON,1W,2W,3W,1M,2M,3M,6M,SBVInflow,SBVOutflow,NetBill,OMOoutflow,OMOinflow,OMOnet,Net
15-Nov-13,3.88,4.1,4.4,4.72,5.12,5.34,5.6,6.26,0,297,-297,101,0,101,-196
18-Nov-13,3.76,4.1,4.36,4.78,5.12,5.34,5.6,6.26,0,297,-297,161,0,161,-136
19-Nov-13,3.6,3.84,4.32,4.74,5.12,5.34,5.6,6.26,997,600,397,31,0,31,428
20-Nov-13,3.34,3.74,4.08,4.44,5.12,5.34,5.6,6.26,994,297,697,31,0,31,728
21-Nov-13,3.34,3.74,4.08,4.44,5.12,5.34,5.6,6.26,0,1000,-1000,70,0,70,-930
22-Nov-13,3.34,3.74,4.08,4.44,5.12,5.34,5.6,6.26,0,494,-494,130,101,29,-465
25-Nov-13,3.8,3.96,4.3,4.6,5.12,5.34,5.6,6.26,0,297,-297,228,161,67,-230
26-Nov-13,3.8,3.96,4.3,4.6,5.12,5.34,5.6,6.26,1000,494,506,30,31,-1,505
27-Nov-13,3.42,3.7,4.3,4.6,5.12,5.34,5.6,6.26,0,3000,-3000,0,31,-31,-3031
28-Nov-13,3.08,3.62,4.26,4.6,5.12,5.34,5.6,6.26,1994,3000,-1006,120,70,50,-956
29-Nov-13,2.34,3.16,4.26,4.6,5.12,5.34,5.6,6.26,1994,4000,-2006,70,130,-60,-2066
2-Dec-13,3.46,3.74,4.26,4.6,5.12,5.34,5.6,6.26,1994,0,1994,170,228,-58,1936
3-Dec-13,3.12,3.6,4.26,4.6,5.12,5.34,5.6,6.26,1050,989,61,258,30,228,289
4-Dec-13,2.64,3.22,4.26,4.6,5.12,5.34,5.6,6.26,2044,1276,768,0,0,0,768
5-Dec-13,2.4,2.98,3.98,4.6,5.12,5.34,5.6,6.26,997,287,710,100,120,-20,690
6-Dec-13,2.28,2.7,3.62,4.6,5.12,5.34,5.6,6.26,3041,3263,-222,101,70,31,-191
9-Dec-13,2.16,2.54,3.38,4.36,4.96,5.34,5.6,6.26,1994,1978,16,170,170,0,16
10-Dec-13,2.16,2.46,3.38,4.36,4.96,5.34,5.6,6.26,2492,1483,1009,100,258,-158,851
11-Dec-13,2.58,2.88,3.36,4.14,4.74,5.14,5.4,6.2,1732,0,1732,50,0,50,1782
12-Dec-13,2.58,2.88,3.36,4.14,4.74,5.14,5.4,6.2,1934,989,945,50,100,-50,895
13-Dec-13,2.46,2.82,3.36,4.14,4.74,5.14,5.4,6.2,2791,0,2791,130,101,29,2820
16-Dec-13,2.34,2.7,3.26,3.86,4.52,4.94,5.32,6.04,946,1483,-537,140,170,-30,-567
17-Dec-13,2.38,2.62,3.26,3.86,4.52,4.94,5.32,6.04,1997,0,1997,100,100,0,1997
18-Dec-13,2.38,2.62,3.26,3.86,4.52,4.94,5.32,6.04,3000,199,2801,100,50,50,2851
19-Dec-13,2.38,2.62,3.26,3.86,4.52,4.94,5.32,6.04,2000,0,2000,1000,50,950,2950
20-Dec-13,2.38,2.62,3.26,3.86,4.52,4.94,5.32,6.04,1396,0,1396,1000,130,870,2266
23-Dec-13,3.34,3.56,3.92,4.14,4.52,4.94,5.32,6.04,0,0,0,3000,140,2860,2860
24-Dec-13,4.26,4.56,5,5,5,5.32,5.4,6.04,0,300,-300,8172,100,8072,7772
25-Dec-13,4.02,4.36,4.64,4.82,4.84,5.02,5.32,6.04,0,0,0,2998,100,2898,2898
26-Dec-13,4.4,4.78,5.02,5.28,5.4,5.42,5.46,6.04,0,2610,-2610,1003,1000,3,-2607
27-Dec-13,3.76,4.26,4.46,4.46,4.5,5.26,5.38,5.9,0,1994,-1994,0,1000,-1000,-2994
30-Dec-13,3.76,4.26,4.46,4.46,4.5,5.26,5.38,5.9,0,2193,-2193,1201,3000,-1799,-3992
31-Dec-13,3.76,4.26,4.46,4.46,4.5,5.26,5.38,5.9,0,50,-50,7000,8172,-1172,-1222
2-Jan-14,3.76,4.26,4.46,4.46,4.5,5.26,5.38,5.9,0,1719,-1719,204,1003,-799,-2518
3-Jan-14,3.56,3.86,4.38,4.46,4.5,5.26,5.38,5.9,0,4060,-4060,0,0,0,-4060
6-Jan-14,3.56,4.06,4.38,4.46,4.5,5.26,5.38,5.9,0,2983,-2983,915,1201,-286,-3269
7-Jan-14,3.96,4.36,4.5,4.82,4.92,5.3,5.42,5.9,2000,5264,-3264,3894,7000,-3106,-6370
8-Jan-14,4.2,4.54,4.66,4.78,4.94,5.34,5.38,5.9,0,3432,-3432,1412,0,1412,-2020
9-Jan-14,4.28,4.7,4.86,4.98,5.06,5.38,5.38,5.9,0,5231,-5231,265,204,61,-5170
10-Jan-14,4.28,4.7,4.86,4.98,5.06,5.38,5.38,5.9,0,4352,-4352,268,0,268,-4084
13-Jan-14,4.7,5,5.2,5.36,5.36,5.46,5.5,5.9,0,1479,-1479,1494,915,579,-900
14-Jan-14,4.9,5.1,5.22,5.36,5.4,5.5,5.54,5.9,2000,4534,-2534,1926,3894,-1968,-4502
15-Jan-14,4.72,5,5.18,5.36,5.4,5.5,5.54,5.9,0,4714,-4714,121,1412,-1291,-6005
16-Jan-14,4.34,4.82,5.18,5.36,5.4,5.5,5.54,5.9,0,2494,-2494,150,265,-115,-2609
17-Jan-14,3.78,4.28,4.8,5.02,5.2,5.54,5.58,5.9,0,2236,-2236,80,268,-188,-2424
20-Jan-14,3.32,3.72,4.14,4.7,5.2,5.54,5.58,5.9,0,19,-19,315,1494,-1179,-1198
21-Jan-14,4.4,4.78,5.12,5.32,5.38,5.54,5.58,5.9,2000,2494,-494,5000,1926,3074,2580
22-Jan-14,4.64,5.1,5.2,5.32,5.38,5.54,5.58,5.9,0,326,-326,9816,121,9695,9369
23-Jan-14,5.3,5.34,5.36,5.4,5.46,5.46,5.46,5.9,0,1028,-1028,9081,150,8931,7903
24-Jan-14,5.3,5.34,5.36,5.4,5.46,5.46,5.46,5.9,0,30,-30,7286,80,7206,7176
25-Jan-14,5.3,5.34,5.36,5.4,5.46,5.46,5.46,5.9,0,0,0,9895,0,9895,9895
27-Jan-14,5.3,5.34,5.36,5.4,5.46,5.46,5.46,5.9,0,49,-49,19919,315,19604,19555
6-Feb-14,3.66,4.32,4.44,4.76,5.02,5.18,5.22,5.9,0,0,0,632,0,632,632
7-Feb-14,3.28,4.02,4.44,4.76,4.94,5.18,5.22,5.9,3254,0,3254,0,0,0,3254
8-Feb-14,3.28,3.82,4.44,4.76,4.94,5.18,5.22,5.9,8483,0,8483,0,9895,-9895,-1412
10-Feb-14,3.04,3.66,4.44,4.76,4.94,5.18,5.22,5.9,9681,0,9681,80,19919,-19839,-10158
11-Feb-14,2.28,2.84,3.32,3.78,4.74,5.06,5.1,5.9,13324,0,13324,101,5000,-4899,8425
12-Feb-14,2.08,2.4,2.7,3.24,4.12,4.4,4.66,5.9,12000,0,12000,101,9816,-9715,2285
13-Feb-14,1.96,2.32,2.7,3.24,4.08,4.4,4.66,5.9,7979,0,7979,120,9713,-9593,-1614
14-Feb-14,1.72,2.16,2.7,3.24,4.08,4.4,4.66,5.9,10000,0,10000,41,7286,-7245,2755
17-Feb-14,1.74,2.04,2.5,2.9,3.6,4.18,4.7,5.66,6000,0,6000,80,80,0,6000
18-Feb-14,1.72,2.02,2.5,2.9,3.6,4.18,4.68,5.66,6000,0,6000,30,101,-71,5929
19-Feb-14,1.62,1.82,2.3,2.8,3.56,4.18,4.68,5.62,4980,0,4980,30,101,-71,4909
20-Feb-14,1.52,1.66,2.1,2.52,3.06,4.04,4.66,5.58,6000,0,6000,101,120,-19,5981
21-Feb-14,1.5,1.66,2.1,2.5,3,4.04,4.66,5.58,6000,0,6000,0,41,-41,5959
24-Feb-14,1.5,1.66,2.1,2.5,3,4.04,4.7,5.7,6000,0,6000,81,80,1,6001
25-Feb-14,1.66,1.86,2.38,2.8,3.24,4.2,4.76,5.76,7000,2000,5000,30,30,0,5000
26-Feb-14,2.18,2.5,2.78,3.06,3.44,4.24,4.7,5.76,1099,0,1099,30,30,0,1099
27-Feb-14,1.86,2.36,2.68,3.06,3.34,4.16,4.64,5.72,2990,0,2990,0,101,-101,2889
28-Feb-14,1.7,1.98,2.5,2.92,3.16,4.16,4.62,5.66,5821,0,5821,0,0,0,5821
3-Mar-14,1.86,2.26,3.06,3.36,3.74,4.2,4.66,5.64,2990,0,2990,0,81,-81,2909
4-Mar-14,1.86,2.24,2.64,2.88,3.24,4.06,4.62,5.58,5996,1000,4996,0,30,-30,4966
5-Mar-14,2,2.3,2.58,2.82,3.12,4.06,4.68,5.58,4781,97,4684,0,30,-30,4654
6-Mar-14,2,2.32,2.6,2.84,3.12,4.1,4.68,5.58,4000,195,3805,0,0,0,3805
7-Mar-14,2,2.4,2.68,2.88,3.14,4.1,4.68,5.58,4000,1000,3000,0,0,0,3000
10-Mar-14,2.54,2.7,2.92,3.1,3.32,4.14,4.6,5.58,3996,15730,-11734,0,0,0,-11734
11-Mar-14,2.54,2.7,2.92,3.1,3.34,4.14,4.58,5.58,4273,9146,-4873,0,0,0,-4873
12-Mar-14,2.12,2.42,2.68,2.9,3.16,4.14,4.56,5.58,7605,7243,362,0,0,0,362
13-Mar-14,2.08,2.36,2.64,2.94,3.2,4.18,4.56,5.56,9092,6097,2995,0,0,0,2995
14-Mar-14,1.46,1.66,1.9,2.4,2.84,4.04,4.52,5.42,12000,6296,5704,0,0,0,5704
17-Mar-14,1.34,1.52,2.08,2.46,2.82,3.98,4.52,5.36,8000,3696,4304,0,0,0,4304
18-Mar-14,1.4,1.58,2.16,2.46,2.88,3.82,4.4,5.24,12000,5214,6786,0,0,0,6786
19-Mar-14,1.64,1.84,2.14,2.52,2.88,3.78,4.4,5.24,8393,3098,5295,0,0,0,5295
20-Mar-14,1.78,1.96,2.22,2.58,2.9,3.8,4.4,5.28,2577,3696,-1119,0,0,0,-1119
21-Mar-14,1.88,2.1,2.28,2.62,2.92,3.8,4.4,5.28,1427,3195,-1768,0,0,0,-1768
24-Mar-14,1.9,2.12,2.28,2.62,2.92,3.8,4.4,5.28,6813,3146,3667,0,0,0,3667
25-Mar-14,1.92,2.14,2.28,2.62,2.92,3.8,4.4,5.28,4156,2097,2059,0,0,0,2059
26-Mar-14,1.92,2.14,2.28,2.62,2.92,3.8,4.4,5.28,6445,1000,5445,0,0,0,5445
27-Mar-14,1.92,2.14,2.28,2.62,2.92,3.8,4.4,5.28,7996,2000,5996,0,0,0,5996
28-Mar-14,2.02,2.24,2.4,2.66,2.96,3.8,4.4,5.28,7708,3000,4708,0,0,0,4708
31-Mar-14,2.02,2.24,2.4,2.66,2.96,3.8,4.4,5.28,11945,2000,9945,1000,0,1000,10945
1-Apr-14,2.1,2.38,2.54,2.74,3.04,3.84,4.42,5.28,5416,3000,2416,0,0,0,2416
2-Apr-14,2.36,2.56,2.74,2.92,3.12,3.84,4.42,5.28,2000,2994,-994,0,0,0,-994
3-Apr-14,2.42,2.68,2.86,3.04,3.36,3.88,4.46,5.3,1000,2000,-1000,11,0,11,-989
4-Apr-14,2.42,2.68,2.86,3.04,3.38,3.88,4.48,5.3,446,2000,-1554,0,0,0,-1554
7-Apr-14,2.42,2.68,2.86,3.04,3.38,3.88,4.48,5.3,1000,1996,-996,0,1000,-1000,-1996
8-Apr-14,2.42,2.68,2.86,3.04,3.38,3.88,4.48,5.3,3998,1996,2002,500,0,500,2502
10-Apr-14,2.42,2.68,2.86,3.04,3.38,3.88,4.48,5.3,4998,4092,906,0,11,-11,895
11-Apr-14,2.42,2.68,2.86,3.04,3.38,3.88,4.48,5.3,5100,6000,-900,0,0,0,-900
14-Apr-14,2.42,2.68,2.86,3.04,3.38,3.88,4.48,5.3,5000,4000,1000,0,0,0,1000
15-Apr-14,2.36,2.58,2.82,3,3.36,3.88,4.48,5.28,7198,6050,1148,0,500,-500,648
16-Apr-14,2.36,2.54,2.78,2.96,3.32,3.88,4.46,5.26,10000,4292,5708,0,0,0,5708
17-Apr-14,2.36,2.54,2.78,2.96,3.32,3.84,4.46,5.26,8000,299,7701,0,0,0,7701
18-Apr-14,1.74,2.32,2.62,2.88,3.24,3.84,4.42,5.26,7000,100,6900,0,0,0,6900
21-Apr-14,1.9,2.32,2.7,2.94,3.26,3.78,4.42,5.22,4749,3643,1106,0,0,0,1106
22-Apr-14,1.9,2.32,2.7,2.94,3.26,3.78,4.42,5.18,4993,2508,2485,0,0,0,2485
23-Apr-14,1.9,2.32,2.7,2.94,3.26,3.78,4.42,5.18,6000,2445,3555,0,0,0,3555
24-Apr-14,1.9,2.32,2.7,2.94,3.26,3.78,4.42,5.18,2379,2545,-166,0,0,0,-166
25-Apr-14,1.9,2.3,2.68,2.92,3.22,3.78,4.42,5.1,5489,3992,1497,0,0,0,1497
26-Apr-14,1.9,2.3,2.68,2.92,3.22,3.78,4.42,5.1,0,0,0,0,0,0,0
28-Apr-14,1.98,2.36,2.72,2.96,3.24,3.84,4.42,5.1,3666,6000,-2334,0,0,0,-2334
29-Apr-14,2.92,3.1,3.3,3.52,3.94,4.16,4.42,5.1,100,3000,-2900,4400,0,4400,1500
5-May-14,3.3,3.64,3.86,3.98,4.08,4.2,4.46,5.1,20,0,20,549,0,549,569
6-May-14,3.3,3.62,3.86,3.98,4.08,4.2,4.46,5.1,1682,1937,-255,0,4400,-4400,-4655
7-May-14,3,3.46,3.7,3.9,4.04,4.18,4.46,5.1,30,0,30,0,0,0,30
8-May-14,3,3.46,3.7,3.9,4.04,4.18,4.46,5.1,2991,998,1993,0,0,0,1993
9-May-14,2.3,2.48,2.7,2.98,3.14,4.12,4.4,5.1,4000,3354,646,0,0,0,646
12-May-14,2.64,2.82,3.1,3.32,3.66,4.08,4.36,5.08,2249,5164,-2915,0,549,-549,-3464
13-May-14,3.94,4.02,4.16,4.22,4.24,4.34,4.52,5.04,1250,3522,-2272,108,0,108,-2164
14-May-14,3.24,3.42,3.5,3.6,3.72,4.16,4.4,4.94,4200,8000,-3800,0,0,0,-3800
15-May-14,3.36,3.58,3.78,3.9,4.04,4.26,4.44,4.96,4706,4979,-273,0,0,0,-273
16-May-14,3.64,3.84,3.92,4.02,4.1,4.28,4.44,4.96,1219,7000,-5781,990,0,990,-4791
19-May-14,3.9,4.08,4.18,4.32,4.48,4.82,5.16,5.9,1349,3749,-2400,1222,0,1222,-1178
20-May-14,3.88,4.06,4.18,4.32,4.48,4.82,5.16,5.9,1885,6000,-4115,100,108,-8,-4123
21-May-14,4.02,4.12,4.24,4.38,4.48,4.82,5.16,5.9,1349,3980,-2631,0,0,0,-2631
22-May-14,3.98,4.06,4.22,4.34,4.48,4.82,5.16,5.68,695,3200,-2505,0,0,0,-2505
23-May-14,3.46,3.6,3.78,3.94,4.08,4.48,4.8,5.12,3071,4417,-1346,599,990,-391,-1737
26-May-14,3.4,3.52,3.76,3.92,4.1,4.5,4.76,5.12,4162,3200,962,298,1222,-924,38
27-May-14,3.4,3.52,3.76,3.92,4.1,4.5,4.76,5.12,645,3100,-2455,700,100,600,-1855
28-May-14,2.68,2.88,3.08,3.24,3.52,3.98,4.3,4.76,5894,99,5795,0,0,0,5795
29-May-14,1.86,2.44,2.94,3.06,3.44,3.84,4.28,4.74,7000,990,6010,0,0,0,6010
30-May-14,1.66,2.4,2.76,2.96,3.36,3.84,4.26,4.74,8198,2821,5377,0,599,-599,4778
2-Jun-14,2.58,2.88,3.14,3.34,3.54,3.98,4.3,4.74,3198,1010,2188,91,298,-207,1981
3-Jun-14,2.42,2.66,2.94,3.14,3.44,3.98,4.32,4.7,2935,3996,-1061,0,700,-700,-1761
4-Jun-14,2.2,2.54,2.88,3.14,3.44,3.98,4.38,4.7,2530,1787,743,0,0,0,743
5-Jun-14,2.28,2.72,3,3.24,3.58,3.96,4.32,4.8,2157,4000,-1843,0,0,0,-1843
6-Jun-14,2.2,2.56,2.78,3.08,3.4,3.9,4.22,4.78,2932,4000,-1068,0,0,0,-1068
9-Jun-14,2.2,2.56,2.78,3.08,3.4,3.9,4.22,4.78,398,2249,-1851,208,91,117,-1734
10-Jun-14,2.2,2.56,2.78,3.08,3.4,3.9,4.22,4.78,834,2527,-1693,304,0,304,-1389
11-Jun-14,2.26,2.58,2.78,3.08,3.34,3.86,4.24,4.78,1388,3962,-2574,0,0,0,-2574
12-Jun-14,2.28,2.6,2.8,3.06,3.36,3.86,4.24,4.78,2874,5200,-2326,0,0,0,-2326
13-Jun-14,2.3,2.6,2.8,3.08,3.36,3.86,4.24,4.78,2630,6219,-3589,0,0,0,-3589
16-Jun-14,2.3,2.6,2.8,3.08,3.36,3.86,4.24,4.78,2975,4349,-1374,0,208,-208,-1582
17-Jun-14,2.82,2.98,3.18,3.36,3.6,3.92,4.26,4.78,4545,6050,-1505,0,304,-304,-1809
18-Jun-14,2.48,2.7,2.94,3.16,3.46,3.88,4.26,4.78,10618,4450,6168,0,0,0,6168
19-Jun-14,2.44,2.66,2.82,3.16,3.42,3.88,4.26,4.78,5200,2478,2722,0,0,0,2722
20-Jun-14,2.42,2.64,2.82,3.12,3.38,3.88,4.26,4.78,7893,1427,6466,0,0,0,6466
23-Jun-14,2.4,2.64,2.84,3.1,3.32,3.88,4.28,4.78,5206,3370,1836,0,0,0,1836
24-Jun-14,2.4,2.64,2.84,3.1,3.32,3.88,4.26,4.78,4226,2248,1978,0,0,0,1978
25-Jun-14,2.4,2.64,2.84,3.1,3.32,3.88,4.28,4.76,2777,4100,-1323,0,0,0,-1323
26-Jun-14,2.4,2.64,2.84,3.1,3.32,3.88,4.28,4.76,9272,5451,3821,0,0,0,3821
27-Jun-14,2.4,2.64,2.84,3.1,3.32,3.88,4.28,4.76,6990,4914,2076,0,0,0,2076
30-Jun-14,2.4,2.64,2.84,3.1,3.32,3.88,4.28,4.76,5036,7143,-2107,410,0,410,-1697
1-Jul-14,2.44,2.74,2.94,3.2,3.44,3.88,4.28,4.76,5000,3466,1534,0,0,0,1534
2-Jul-14,2.34,2.58,2.8,3.04,3.42,3.84,4.28,4.76,5048,2549,2499,0,0,0,2499
3-Jul-14,2.3,2.54,2.74,2.98,3.42,3.82,4.28,4.76,5150,1050,4100,0,0,0,4100
4-Jul-14,2.3,2.52,2.72,2.94,3.42,3.82,4.28,4.76,5500,705,4795,0,0,0,4795
7-Jul-14,2.12,2.38,2.62,2.82,3.42,3.82,4.28,4.76,1698,1200,498,0,410,-410,88
8-Jul-14,2.5,2.66,2.84,3.04,3.44,3.82,4.28,4.76,3200,1200,2000,0,0,0,2000
9-Jul-14,2.5,2.66,2.84,3.02,3.4,3.78,4.26,4.74,2000,200,1800,0,0,0,1800
10-Jul-14,2.5,2.66,2.84,3.04,3.4,3.78,4.26,4.76,2000,4200,-2200,0,0,0,-2200
11-Jul-14,2.66,2.84,3.06,3.2,3.44,3.78,4.24,4.76,3000,5749,-2749,0,0,0,-2749
14-Jul-14,2.96,3.16,3.3,3.4,3.6,3.84,4.2,4.76,2344,3299,-955,0,0,0,-955
15-Jul-14,2.3,2.54,2.74,2.98,3.42,3.82,4.28,4.76,1050,6200,-5150,0,0,0,-5150
16-Jul-14,2.3,2.54,2.74,2.98,3.42,3.82,4.28,4.76,1937,7798,-5861,0,0,0,-5861
17-Jul-14,2.3,2.54,2.74,2.98,3.42,3.82,4.28,4.76,3869,5200,-1331,0,0,0,-1331
18-Jul-14,2.32,2.54,2.74,2.98,3.42,3.82,4.28,4.76,3225,5746,-2521,0,0,0,-2521
21-Jul-14,2.8,3,3.2,3.4,3.42,3.82,4.28,4.76,3824,4250,-426,0,0,0,-426
22-Jul-14,2.96,3.16,3.16,3.24,3.44,3.8,4.26,4.82,3031,3393,-362,0,0,0,-362
23-Jul-14,3.06,3.14,3.2,3.24,3.28,3.8,4.26,4.82,693,4100,-3407,1000,0,1000,-2407
24-Jul-14,2.9,2.98,3.08,3.2,3.28,3.8,4.26,4.82,4166,3576,590,0,0,0,590
25-Jul-14,2.66,2.8,3.04,3.24,3.28,3.76,4.24,4.82,4837,4072,765,0,0,0,765
28-Jul-14,2.5,2.82,3.06,3.22,3.3,3.7,4.12,4.8,6578,3466,3112,0,0,0,3112
29-Jul-14,2.5,2.82,3.06,3.22,3.3,3.7,4.12,4.8,8442,2000,6442,0,0,0,6442
30-Jul-14,2.5,2.82,3.06,3.22,3.3,3.7,4.12,4.8,8447,1048,7399,222,1000,-778,6621
31-Jul-14,2.48,2.76,2.94,3.06,3.2,3.7,4.1,4.8,1100,150,950,0,0,0,950
1-Aug-14,2.82,2.98,3.08,3.14,3.3,3.72,4.12,4.8,1000,0,1000,0,0,0,1000
4-Aug-14,2.94,3.08,3.18,3.18,3.36,3.74,4.1,4.8,418,698,-280,0,0,0,-280
5-Aug-14,3.16,3.18,3.3,3.34,3.44,3.74,4.1,4.8,2200,1190,1010,0,0,0,1010
6-Aug-14,3.16,3.2,3.32,3.36,3.46,3.74,4.1,4.8,1249,1030,219,0,222,-222,-3
7-Aug-14,3.12,3.18,3.3,3.34,3.46,3.74,4.1,4.8,1091,1991,-900,150,0,150,-750
8-Aug-14,3.16,3.2,3.32,3.36,3.46,3.74,4.1,4.8,546,3000,-2454,0,0,0,-2454
11-Aug-14,3.68,3.46,3.58,3.6,3.68,3.82,4.1,4.8,1349,2349,-1000,0,0,0,-1000
12-Aug-14,3.94,3.76,3.88,3.84,3.9,3.92,4.08,4.78,1995,3045,-1050,0,0,0,-1050
13-Aug-14,3.92,3.78,3.92,3.86,3.96,3.94,4.08,4.78,764,8229,-7465,0,0,0,-7465
14-Aug-14,3.66,3.78,3.88,3.86,3.94,3.94,4.08,4.78,1537,4755,-3218,0,150,-150,-3368
15-Aug-14,3.66,3.74,3.84,3.82,3.9,3.92,4.08,4.78,2896,2741,155,0,0,0,155
18-Aug-14,3.66,3.74,3.84,3.82,3.9,3.92,4.08,4.78,1239,2741,-1502,0,0,0,-1502
19-Aug-14,3.66,3.74,3.84,3.82,3.9,3.92,4.08,4.78,2833,2625,208,0,0,0,208
20-Aug-14,4,4.1,4.04,3.94,3.94,3.96,4.1,4.78,50,1995,-1945,584,0,584,-1361
21-Aug-14,4.08,4.12,4.14,4.1,4.08,4.12,4.18,4.78,1040,3680,-2640,0,0,0,-2640
22-Aug-14,4.08,4.12,4.14,4.1,4.08,4.12,4.18,4.78,2526,5360,-2834,0,0,0,-2834
25-Aug-14,3.92,3.86,3.88,3.9,3.96,4.04,4.14,4.78,3269,6548,-3279,0,0,0,-3279
26-Aug-14,3.88,3.88,3.9,3.88,3.96,4.04,4.14,4.78,3914,3545,369,0,0,0,369
27-Aug-14,3.9,3.92,3.9,3.94,4,4.06,4.14,4.78,4289,7794,-3505,0,584,-584,-4089
28-Aug-14,3.88,3.88,3.9,3.88,3.98,4.04,4.14,4.78,3021,7100,-4079,0,0,0,-4079
29-Aug-14,3.76,3.8,3.86,3.9,3.96,4.04,4.12,4.78,3403,7000,-3597,106,0,106,-3491
3-Sep-14,3.68,3.8,3.86,3.9,3.96,4.04,4.12,4.78,2479,2230,249,0,0,0,249
4-Sep-14,3.42,3.5,3.7,3.86,3.96,4.02,4.1,4.78,3895,2257,1638,0,0,0,1638
5-Sep-14,3.48,3.58,3.68,3.74,3.86,4.04,4.14,4.78,8996,3823,5173,0,106,-106,5067
8-Sep-14,2.96,3.04,3.18,3.36,3.62,3.88,4.04,4.78,5544,1542,4002,0,0,0,4002
9-Sep-14,2.76,2.86,2.98,3.38,3.52,3.8,4.02,4.78,8698,1634,7064,0,0,0,7064
10-Sep-14,2.24,2.36,2.74,3.22,3.46,3.76,3.98,4.78,8644,2452,6192,0,0,0,6192
11-Sep-14,2.04,2.3,2.66,3.12,3.42,3.76,3.96,4.78,9665,3869,5796,0,0,0,5796
12-Sep-14,1.78,2.1,2.46,2.96,3.16,3.68,3.88,4.76,7497,3096,4401,0,0,0,4401
15-Sep-14,1.98,2.2,2.52,2.84,3.12,3.46,3.8,4.72,3000,3925,-925,0,0,0,-925
16-Sep-14,1.98,2.2,2.52,2.84,3.12,3.46,3.8,4.72,5996,2500,3496,0,0,0,3496
17-Sep-14,1.98,2.2,2.52,2.84,3.12,3.46,3.8,4.72,8000,5890,2110,0,0,0,2110
18-Sep-14,1.78,2.02,2.38,2.68,2.96,3.38,3.68,4.66,10000,6045,3955,0,0,0,3955
19-Sep-14,1.68,1.96,2.32,2.62,2.92,3.36,3.68,4.66,9000,4805,4195,0,0,0,4195
22-Sep-14,1.86,2.02,2.36,2.62,2.88,3.34,3.68,4.62,6647,3564,3083,0,0,0,3083
23-Sep-14,1.86,2.02,2.36,2.62,2.88,3.34,3.68,4.62,6991,3926,3065,0,0,0,3065
24-Sep-14,1.76,1.98,2.38,2.62,2.88,3.32,3.68,4.62,4543,3722,821,0,0,0,821
25-Sep-14,1.76,1.96,2.32,2.56,2.82,3.28,3.66,4.62,6747,4890,1857,0,0,0,1857
26-Sep-14,1.66,1.88,2.28,2.54,2.78,3.24,3.62,4.62,7991,5050,2941,0,0,0,2941
29-Sep-14,1.66,1.88,2.28,2.54,2.78,3.24,3.62,4.62,4994,4046,948,0,0,0,948
30-Sep-14,1.66,1.88,2.28,2.54,2.78,3.22,3.6,4.62,3990,5000,-1010,0,0,0,-1010
1-Oct-14,1.9,2.04,2.34,2.52,2.78,3.22,3.56,4.62,5923,4449,1474,0,0,0,1474
2-Oct-14,1.7,1.86,2.22,2.52,2.76,3.2,3.54,4.56,9891,5349,4542,0,0,0,4542
3-Oct-14,1.66,1.86,2.22,2.52,2.76,3.16,3.48,4.56,8000,7500,500,0,0,0,500
6-Oct-14,1.66,1.88,2.28,2.54,2.78,3.18,3.5,4.56,4000,2147,1853,0,0,0,1853
7-Oct-14,1.66,1.88,2.28,2.54,2.78,3.18,3.5,4.56,3000,3693,-693,0,0,0,-693
8-Oct-14,1.8,1.98,2.2,2.5,2.76,3.1,3.48,4.56,2898,1649,1249,0,0,0,1249
9-Oct-14,1.92,2.04,2.32,2.56,2.8,3.12,3.48,4.56,2846,4000,-1154,0,0,0,-1154
10-Oct-14,2.2,2.5,2.76,2.96,3.12,3.24,3.44,4.56,645,3000,-2355,0,0,0,-2355
13-Oct-14,2.96,3.2,3.32,3.32,3.36,3.4,3.44,4.5,198,3000,-2802,0,0,0,-2802
14-Oct-14,2.96,3.2,3.32,3.32,3.36,3.4,3.44,4.5,198,3996,-3798,2994,0,2994,-804
15-Oct-14,2.96,3.2,3.32,3.32,3.36,3.4,3.44,4.5,1199,3693,-2494,0,0,0,-2494
16-Oct-14,2.54,2.66,2.86,3.04,3.04,3.36,3.4,4.5,2548,5625,-3077,0,0,0,-3077
17-Oct-14,2.38,2.62,2.86,3.04,3.04,3.36,3.4,4.5,2786,4981,-2195,0,0,0,-2195
20-Oct-14,3.02,3.18,3.2,3.2,3.3,3.38,3.46,4.5,407,4222,-3815,1993,0,1993,-1822
21-Oct-14,3.52,3.5,3.48,3.46,3.48,3.54,3.62,4.5,0,4911,-4911,0,2994,-2994,-7905
22-Oct-14,3.46,3.46,3.46,3.44,3.5,3.58,3.68,4.5,100,1693,-1593,0,0,0,-1593
23-Oct-14,3.54,3.5,3.48,3.46,3.48,3.54,3.62,4.5,50,4718,-4668,3,0,3,-4665
24-Oct-14,2.74,2.84,2.86,3,3.28,3.38,3.56,4.36,596,6338,-5742,0,0,0,-5742
27-Oct-14,2.26,2.28,2.5,2.66,2.9,3.18,3.44,4.28,6030,5980,50,0,1993,-1993,-1943
28-Oct-14,1.86,2.12,2.36,2.52,2.82,3.18,3.42,4.26,6190,7445,-1255,0,0,0,-1255
29-Oct-14,1.16,1.76,2.36,2.56,2.56,2.96,3.36,4.08,4515,5457,-942,0,0,0,-942
30-Oct-14,1.16,1.76,2.36,2.56,2.56,2.96,3.36,4.08,747,5000,-4253,0,3,-3,-4256
31-Oct-14,1.16,1.76,2.36,2.56,2.56,2.96,3.36,4.08,2095,5996,-3901,0,0,0,-3901
3-Nov-14,2.28,2.44,2.56,2.6,2.68,2.96,3.36,4.08,2926,1218,1708,0,0,0,1708
4-Nov-14,2.18,2.34,2.46,2.56,2.68,2.96,3.36,4.08,8310,2800,5510,0,0,0,5510
5-Nov-14,2.06,2.26,2.42,2.52,2.66,2.96,3.36,4.08,8593,2893,5700,84,0,84,5784
6-Nov-14,2.06,2.26,2.42,2.52,2.66,2.96,3.36,4.08,8991,2606,6385,84,0,84,6469
7-Nov-14,2.06,2.26,2.42,2.52,2.66,2.96,3.36,4.08,5115,893,4222,0,0,0,4222
10-Nov-14,2.5,2.58,2.62,2.74,2.86,3.02,3.44,4.12,572,1000,-428,0,0,0,-428
11-Nov-14,3.28,3.32,3.4,3.44,3.44,3.42,3.58,4.12,397,2900,-2503,252,0,252,-2251
12-Nov-14,3.48,3.58,3.62,3.66,3.5,3.46,3.58,4.12,1438,2495,-1057,0,84,-84,-1141
13-Nov-14,3.56,3.62,3.66,3.7,3.54,3.5,3.6,4.12,422,3387,-2965,84,84,0,-2965
14-Nov-14,3.48,3.58,3.62,3.66,3.5,3.46,3.58,4.12,1750,5275,-3525,0,0,0,-3525
17-Nov-14,3.48,3.58,3.62,3.66,3.5,3.46,3.58,4.12,297,3040,-2743,0,0,0,-2743
18-Nov-14,3.76,3.82,3.84,3.76,3.7,3.72,3.72,4.12,645,4274,-3629,0,252,-252,-3881
19-Nov-14,3.82,3.86,3.88,3.82,3.76,3.78,3.78,4.22,844,1643,-799,0,0,0,-799
20-Nov-14,3.66,3.72,3.72,3.74,3.72,3.7,3.72,4.44,1857,3040,-1183,0,84,-84,-1267
21-Nov-14,3.58,3.62,3.7,3.72,3.64,3.66,3.74,4.44,2091,4467,-2376,0,0,0,-2376
24-Nov-14,3.48,3.56,3.58,3.64,3.56,3.64,3.72,4.4,2193,6161,-3968,0,0,0,-3968
25-Nov-14,3.38,3.46,3.54,3.56,3.58,3.68,3.76,4.36,2223,8253,-6030,0,0,0,-6030
26-Nov-14,3.56,3.64,3.66,3.7,3.66,3.66,3.72,4.36,3359,6082,-2723,0,0,0,-2723
27-Nov-14,3.54,3.62,3.66,3.7,3.66,3.66,3.72,4.36,6527,5461,1066,0,0,0,1066
28-Nov-14,3.3,3.38,3.5,3.7,3.66,3.66,3.72,4.36,2224,6149,-3925,0,0,0,-3925
29-Nov-14,3.3,3.38,3.5,3.7,3.66,3.66,3.72,4.36,0,0,0,0,0,0,0
1-Dec-14,3.56,3.64,3.66,3.7,3.66,3.66,3.72,4.36,3868,3046,822,0,0,0,822
2-Dec-14,3.78,3.92,3.98,4.02,4.08,4.08,4.18,4.5,4806,5942,-1136,0,0,0,-1136
3-Dec-14,3.94,4,4.06,4.06,4.1,4.12,4.3,4.54,4734,6623,-1889,0,0,0,-1889
4-Dec-14,3.9,3.96,4.02,4.02,4.06,4.08,4.26,4.52,6233,7392,-1159,0,0,0,-1159
5-Dec-14,3.94,4,4.06,4.06,4.1,4.12,4.3,4.54,3615,8096,-4481,0,0,0,-4481
8-Dec-14,4.1,4.14,4.18,4.2,4.22,4.28,4.34,4.58,1539,4397,-2858,737,0,737,-2121
9-Dec-14,4.32,4.4,4.38,4.42,4.5,4.52,4.56,4.66,1044,8000,-6956,0,0,0,-6956
10-Dec-14,4.5,4.54,4.56,4.56,4.58,4.66,4.72,4.8,1578,7199,-5621,0,0,0,-5621
11-Dec-14,4.4,4.48,4.52,4.58,4.56,4.62,4.72,4.78,3967,6498,-2531,9.8,0,9.8,-2521.2
12-Dec-14,4.02,4.12,4.14,4.2,4.26,4.42,4.58,4.78,2031,6446,-4415,0,0,0,-4415
15-Dec-14,3.96,3.98,4.06,4.1,4.16,4.2,4.48,4.78,4994,1000,3994,0,737,-737,3257
16-Dec-14,3.56,3.64,3.76,3.84,3.98,4.2,4.38,4.6,8426,4050,4376,0,0,0,4376
17-Dec-14,3.32,3.48,3.58,3.7,3.9,4.12,4.32,4.56,5474,3050,2424,0,0,0,2424
18-Dec-14,2.78,3.02,3.2,3.42,3.86,4.04,4.28,4.56,8305,5050,3255,0,9.8,-9.8,3245.2
19-Dec-14,2.66,2.86,3.2,3.36,3.64,3.92,4.1,4.56,1666,5048,-3382,0,0,0,-3382
22-Dec-14,3.96,4.14,4.24,4.28,4.28,4.34,4.42,4.58,347,6687,-6340,0,0,0,-6340
23-Dec-14,4.3,4.4,4.4,4.4,4.44,4.5,4.5,4.58,4539,6040,-1501,0,0,0,-1501
24-Dec-14,3.92,4.1,4.24,4.3,4.4,4.48,4.52,4.6,5365,6286,-921,0,0,0,-921
25-Dec-14,3.7,3.92,4.08,4.2,4.26,4.42,4.5,4.6,3554,6891,-3337,0,0,0,-3337
26-Dec-14,3.7,3.92,4.08,4.2,4.3,4.42,4.5,4.6,4667,6195,-1528,495,0,495,-1033
29-Dec-14,3.64,3.8,4,4.16,4.26,4.42,4.5,4.6,4904,5194,-290,0,0,0,-290
30-Dec-14,3.46,3.6,3.78,3.96,4.2,4.38,4.5,4.6,1368,4737,-3369,10,0,10,-3359
31-Dec-14,4.22,4.5,4.58,4.58,4.48,4.48,4.52,4.72,0,8123,-8123,7117,0,7117,-1006
5-Jan-15,4.1,4.24,4.32,4.38,4.44,4.46,4.52,4.64,3783,3246,537,0,0,0,537
6-Jan-15,3.98,4.14,4.3,4.36,4.38,4.46,4.52,4.64,6008,3549,2459,0,10,-10,2449
7-Jan-15,3.74,3.92,4.12,4.22,4.3,4.42,4.5,4.6,5489,2545,2944,0,7117,-7117,-4173
8-Jan-15,3.74,3.92,4.12,4.22,4.3,4.42,4.5,4.6,3693,2047,1646,0,0,0,1646
9-Jan-15,3.74,3.92,4.12,4.22,4.3,4.42,4.5,4.6,3390,1093,2297,0,0,0,2297
12-Jan-15,3.8,3.96,4.12,4.24,4.3,4.42,4.5,4.6,3494,2821,673,0,0,0,673
13-Jan-15,3.78,3.92,4.04,4.18,4.3,4.44,4.52,4.62,1545,6237,-4692,0,0,0,-4692
14-Jan-15,3.78,3.92,4.04,4.18,4.3,4.44,4.52,4.62,5051,4042,1009,0,0,0,1009
15-Jan-15,3.78,3.92,4.04,4.18,4.3,4.44,4.52,4.62,1784,7435,-5651,0,0,0,-5651
16-Jan-15,3.78,3.92,4.04,4.18,4.3,4.44,4.52,4.62,1134,2386,-1252,0,0,0,-1252
19-Jan-15,3.78,3.92,4.02,4.18,4.3,4.44,4.5,4.6,1050,855,195,997,0,997,1192
20-Jan-15,3.72,3.86,4,4.12,4.26,4.44,4.5,4.6,1193,3495,-2302,0,0,0,-2302
21-Jan-15,3.72,3.86,4,4.12,4.26,4.44,4.5,4.6,3798,2987,811,0,0,0,811
22-Jan-15,3.7,3.82,4.02,4.16,4.24,4.38,4.46,4.54,5623,3135,2488,0,0,0,2488
23-Jan-15,3.64,3.78,4.02,4.16,4.24,4.38,4.46,4.54,3104,3018,86,329,0,329,415
26-Jan-15,3.74,3.82,4.04,4.18,4.26,4.38,4.46,4.54,3630,6834,-3204,1894,997,897,-2307
27-Jan-15,3.74,3.82,4.04,4.18,4.26,4.38,4.46,4.54,2190,4643,-2453,0,0,0,-2453
28-Jan-15,3.74,3.82,4.04,4.18,4.26,4.38,4.46,4.54,4071,3676,395,0,0,0,395
29-Jan-15,3.74,3.82,4.04,4.18,4.26,4.38,4.46,4.54,3223,2685,538,2632,0,2632,3170
30-Jan-15,3.64,3.78,4.02,4.1,4.28,4.4,4.46,4.56,2076,0,2076,2000,329,1671,3747
2-Feb-15,4.76,4.74,4.84,4.88,4.88,4.86,4.8,4.6,0,2879,-2879,8280,1894,6386,3507
3-Feb-15,4.76,4.74,4.84,4.88,4.88,4.86,4.8,4.6,4000,6116,-2116,1687,0,1687,-429
4-Feb-15,4.64,4.72,4.74,4.78,4.82,4.84,4.78,4.6,2302,5497,-3195,170,0,170,-3025
5-Feb-15,4.64,4.72,4.74,4.78,4.82,4.84,4.78,4.6,0,6989,-6989,466,2632,-2166,-9155
6-Feb-15,4.88,4.98,5.04,5.02,4.98,4.84,4.78,4.6,0,3123,-3123,10000,2000,8000,4877
9-Feb-15,4.96,5.12,5.14,5.1,5.12,5,4.92,4.78,0,1767,-1767,29000,8280,20720,18953
10-Feb-15,4.96,5.12,5.14,5.1,5.12,5,4.92,4.78,0,6027,-6027,25000,1687,23313,17286
11-Feb-15,4.88,5,5,5,5.02,4.94,4.92,4.78,0,3976,-3976,10020,170,9850,5874
12-Feb-15,4.86,4.98,5,5,5.02,4.92,4.92,4.78,0,4416,-4416,10445,466,9979,5563
13-Feb-15,4.96,5.12,5.14,5.1,5.12,5,4.92,4.78,0,952,-952,19261,10000,9261,8309
14-Feb-15,4.96,5.12,5.14,5.1,5.12,5,4.92,4.78,0,0,0,9206,0,9206,9206
23-Feb-15,4.8,4.92,5,4.98,4.96,4.92,4.86,4.78,0,198,-198,0,0,0,-198
24-Feb-15,4.8,4.92,5,4.98,4.96,4.92,4.86,4.78,0,2228,-2228,1821,0,1821,-407
25-Feb-15,3.96,4.3,4.48,4.58,4.66,4.74,4.68,4.7,1239,69,1170,218,0,218,1388
26-Feb-15,3.86,4.2,4.32,4.48,4.58,4.68,4.66,4.68,13336,149,13187,0,0,0,13187
27-Feb-15,3.52,3.94,4.24,4.4,4.46,4.64,4.64,4.64,18164,0,18164,0,0,0,18164
2-Mar-15,3.5,3.9,4.06,4.16,4.32,4.6,4.64,4.64,11116,198,10918,982,29000,-28018,-17100
3-Mar-15,3.6,3.88,4,4.08,4.2,4.38,4.5,4.62,3050,2994,56,993,26821,-25828,-25772
4-Mar-15,3.6,3.88,4,4.08,4.2,4.38,4.5,4.62,7989,994,6995,499,10238,-9739,-2744
5-Mar-15,3.56,3.88,4,4.08,4.2,4.38,4.5,4.62,5994,0,5994,496,10445,-9949,-3955
6-Mar-15,4.14,4.22,4.26,4.26,4.26,4.3,4.5,4.62,0,1024,-1024,6000,19261,-13261,-14285
9-Mar-15,4.68,4.68,4.72,4.62,4.5,4.48,4.54,4.62,0,497,-497,9891,10188,-297,-794
10-Mar-15,4.92,4.9,4.88,4.68,4.52,4.42,4.54,4.62,0,495,-495,2221,993,1228,733
11-Mar-15,4.5,4.6,4.66,4.6,4.44,4.4,4.52,4.62,2984,0,2984,299,499,-200,2784
12-Mar-15,4.2,4.38,4.54,4.46,4.38,4.36,4.4,4.54,3000,248,2752,0,496,-496,2256
13-Mar-15,4.2,4.32,4.38,4.42,4.36,4.36,4.4,4.54,0,297,-297,0,6000,-6000,-6297
16-Mar-15,4.14,4.26,4.38,4.42,4.36,4.36,4.4,4.54,0,892,-892,1000,9891,-8891,-9783
17-Mar-15,4.22,4.4,4.48,4.46,4.42,4.36,4.4,4.54,0,2317,-2317,1000,2221,-1221,-3538
18-Mar-15,4.22,4.4,4.5,4.46,4.42,4.36,4.4,4.54,573,1540,-967,1000,299,701,-266
19-Mar-15,4.26,4.4,4.48,4.46,4.42,4.36,4.4,4.54,1876,517,1359,431,0,431,1790
20-Mar-15,4.28,4.42,4.48,4.46,4.42,4.36,4.4,4.54,2391,547,1844,1000,0,1000,2844
23-Mar-15,4.54,4.62,4.64,4.64,4.62,4.58,4.6,4.66,445,1347,-902,1000,1000,0,-902
24-Mar-15,4.54,4.62,4.64,4.64,4.62,4.58,4.6,4.66,1994,2081,-87,1000,1000,0,-87
25-Mar-15,4.84,4.88,4.86,4.86,4.7,4.6,4.6,4.66,2484,2924,-440,1000,1000,0,-440
26-Mar-15,4.84,4.88,4.86,4.86,4.7,4.6,4.6,4.66,5132,6021,-889,666,431,235,-654
27-Mar-15,4.6,4.64,4.68,4.66,4.64,4.54,4.56,4.62,5003,5672,-669,0,1000,-1000,-1669
30-Mar-15,3.92,4.06,4.18,4.2,4.26,4.3,4.42,4.56,8610,6321,2289,0,1000,-1000,1289
31-Mar-15,3.56,3.72,4,4.18,4.24,4.28,4.38,4.54,7976,2496,5480,0,1000,-1000,4480
1-Apr-15,3.88,3.92,4.14,4.18,4.24,4.28,4.4,4.54,5556,3193,2363,0,1000,-1000,1363
2-Apr-15,3.84,3.88,3.98,4.1,4.22,4.28,4.38,4.54,4004,1000,3004,0,666,-666,2338
3-Apr-15,3.66,3.76,3.96,4.1,4.22,4.28,4.38,4.54,6118,0,6118,0,0,0,6118
6-Apr-15,3.12,3.4,3.46,3.54,4.08,4.22,4.34,4.54,1397,1000,397,0,0,0,397
7-Apr-15,3.12,3.4,3.46,3.54,4.08,4.22,4.34,4.54,0,2990,-2990,0,0,0,-2990
8-Apr-15,3.76,3.88,4,4.06,4.24,4.28,4.38,4.54,0,495,-495,0,0,0,-495
9-Apr-15,4.58,4.68,4.7,4.7,4.72,4.58,4.62,4.54,0,693,-693,0,0,0,-693
10-Apr-15,4.72,4.82,4.78,4.72,4.72,4.62,4.62,4.56,0,396,-396,1000,0,1000,604
13-Apr-15,4.86,4.92,4.92,4.86,4.88,4.82,4.78,4.66,0,1000,-1000,3000,0,3000,2000
14-Apr-15,4.98,5,4.98,4.98,4.96,4.94,4.92,4.88,0,495,-495,6000,0,6000,5505
15-Apr-15,5.16,5.18,5.16,5.14,5.12,5,4.96,4.96,0,1683,-1683,1000,0,1000,-683
16-Apr-15,5.16,5.18,5.16,5.14,5.12,5,4.96,4.96,0,0,0,1000,0,1000,1000
17-Apr-15,5.16,5.18,5.16,5.14,5.12,5,4.96,4.96,1000,0,1000,1000,1000,0,1000
20-Apr-15,5.3,5.44,5.42,5.42,5.38,5.16,5.08,5.04,0,0,0,7000,3000,4000,4000
21-Apr-15,5.18,5.2,5.2,5.2,5.18,5.06,4.96,4.96,0,2495,-2495,17000,6000,11000,8505
22-Apr-15,5.18,5.2,5.2,5.2,5.18,5.06,4.96,4.96,0,693,-693,5000,1000,4000,3307
23-Apr-15,4.9,4.96,5,4.94,4.96,4.98,4.96,4.92,609,3235,-2626,0,1000,-1000,-3626
24-Apr-15,3.9,3.94,3.96,4.06,4.4,4.68,4.72,4.82,2857,5268,-2411,933,1000,-67,-2478
27-Apr-15,4.28,4.38,4.46,4.48,4.56,4.58,4.62,4.54,6187,5034,1153,1000,7000,-6000,-4847
4-May-15,4.3,4.46,4.54,4.56,4.54,4.58,4.62,4.54,1990,199,1791,1000,1000,0,1791
5-May-15,4.92,4.98,5,5.08,5.06,4.96,4.86,4.78,0,2682,-2682,5000,17000,-12000,-14682
6-May-15,4.92,4.98,5,5.08,5.06,4.96,4.86,4.78,1990,1613,377,6134,5000,1134,1511
7-May-15,4.06,4.32,4.52,4.66,4.86,4.88,4.78,4.74,3401,1000,2401,0,0,0,2401
8-May-15,3.66,3.94,4.02,4.36,4.54,4.68,4.72,4.72,3864,0,3864,255,933,-678,3186
11-May-15,3.46,3.66,3.9,4.14,4.4,4.58,4.7,4.72,1994,0,1994,0,1000,-1000,994
12-May-15,3.26,3.64,3.9,4.14,4.4,4.58,4.7,4.72,0,0,0,0,5000,-5000,-5000
13-May-15,3.32,3.64,3.9,4.14,4.4,4.58,4.7,4.72,0,0,0,0,6134,-6134,-6134
14-May-15,3.46,3.66,3.9,4.14,4.4,4.58,4.7,4.72,0,50,-50,153,0,153,103
15-May-15,3.46,3.66,3.9,4.14,4.4,4.58,4.7,4.72,1297,994,303,0,255,-255,48
18-May-15,3.46,3.66,3.9,4.14,4.4,4.58,4.7,4.72,744,50,694,0,0,0,694
19-May-15,3.32,3.58,3.86,4.14,4.4,4.58,4.7,4.72,2192,1835,357,0,0,0,357
20-May-15,3.04,3.34,3.66,4.04,4.34,4.54,4.7,4.72,4178,994,3184,0,0,0,3184
21-May-15,2.66,2.78,3.36,3.68,4.08,4.46,4.68,4.72,4272,2089,2183,0,153,-153,2030
22-May-15,2.32,2.68,3.16,3.62,4.06,4.46,4.68,4.72,5981,2888,3093,0,0,0,3093
25-May-15,2.32,2.68,3.16,3.62,4.06,4.46,4.68,4.72,7282,5989,1293,0,0,0,1293
26-May-15,1.96,2.32,2.82,3.36,3.72,4.44,4.68,4.72,4680,2983,1697,0,0,0,1697
27-May-15,1.62,2.04,2.62,3.24,3.62,4.24,4.48,4.7,7789,2977,4812,0,0,0,4812
28-May-15,1.62,2.04,2.62,3.24,3.62,4.24,4.48,4.7,8229,4757,3472,0,0,0,3472
29-May-15,1.52,1.92,2.54,3.18,3.58,4.16,4.4,4.68,11196,4655,6541,0,0,0,6541
1-Jun-15,2.38,2.52,2.82,3.34,3.64,4.24,4.46,4.72,2742,4979,-2237,0,0,0,-2237
2-Jun-15,3.16,3.44,3.54,3.62,3.82,4.24,4.48,4.74,2907,3452,-545,0,0,0,-545
3-Jun-15,3.44,3.54,3.68,3.84,3.94,4.26,4.48,4.84,5736,2539,3197,0,0,0,3197
4-Jun-15,3.48,3.68,3.86,3.96,4.02,4.28,4.52,4.84,4000,5094,-1094,0,0,0,-1094
5-Jun-15,3.62,3.78,4,4.1,4.2,4.4,4.56,4.84,5099,5081,18,0,0,0,18
8-Jun-15,4.34,4.48,4.54,4.56,4.54,4.58,4.62,4.62,0,1294,-1294,0,0,0,-1294
9-Jun-15,4.4,4.56,4.62,4.78,4.82,4.78,4.7,4.7,0,0,0,0,0,0,0
10-Jun-15,4.48,4.58,4.66,4.68,4.68,4.68,4.74,4.82,0,1024,-1024,0,0,0,-1024
11-Jun-15,4.56,4.66,4.74,4.74,4.76,4.7,4.76,4.82,0,1931,-1931,0,0,0,-1931
12-Jun-15,4.62,4.74,4.76,4.76,4.78,4.76,4.78,4.84,0,2187,-2187,0,0,0,-2187
15-Jun-15,4.48,4.62,4.7,4.72,4.76,4.78,4.76,4.84,0,1581,-1581,0,0,0,-1581
16-Jun-15,4.3,4.42,4.54,4.64,4.66,4.72,4.74,4.82,3450,3784,-334,0,0,0,-334
17-Jun-15,3.6,3.8,3.98,4.3,4.52,4.7,4.74,4.82,6790,4886,1904,0,0,0,1904
18-Jun-15,3.58,3.72,3.88,4.18,4.46,4.62,4.7,4.82,7557,2921,4636,0,0,0,4636
19-Jun-15,3.58,3.72,3.88,4.18,4.46,4.62,4.7,4.82,7795,5632,2163,0,0,0,2163
22-Jun-15,3.36,3.54,3.8,4,4.3,4.52,4.6,4.79,0,4656,-4656,0,0,0,-4656
23-Jun-15,2.98,3.24,3.66,3.84,4.18,4.42,4.5,4.75,11948,3265,8683,0,0,0,8683
24-Jun-15,2.98,3.24,3.66,3.78,4.18,4.42,4.5,4.75,11148,5297,5851,0,0,0,5851
25-Jun-15,2.48,2.8,3.68,3.8,4.1,4.4,4.44,4.72,12419,5204,7215,0,0,0,7215
26-Jun-15,2.68,3.02,3.7,3.84,4.1,4.4,4.44,4.72,9808,6553,3255,0,0,0,3255
29-Jun-15,2.68,3.02,3.7,3.84,4.1,4.4,4.44,4.72,0,3375,-3375,0,0,0,-3375
30-Jun-15,2.98,3.38,3.64,3.86,4.22,4.4,4.48,4.72,7924,3186,4738,0,0,0,4738
1-Jul-15,3.38,3.68,3.82,3.98,4.28,4.4,4.5,4.72,3755,8366,-4611,0,0,0,-4611
2-Jul-15,3.4,3.62,3.8,3.98,4.32,4.4,4.48,4.72,0,9981,-9981,0,0,0,-9981
3-Jul-15,3.4,3.62,3.8,3.98,4.32,4.4,4.48,4.72,7000,9265,-2265,0,0,0,-2265
6-Jul-15,3.3,3.5,3.62,3.8,4.12,4.28,4.36,4.64,0,2084,-2084,0,0,0,-2084
7-Jul-15,3.08,3.22,3.6,3.74,4.1,4.26,4.36,4.64,17000,4970,12030,0,0,0,12030
8-Jul-15,2.84,2.96,3.44,3.7,4,4.22,4.32,4.62,16000,9000,7000,0,0,0,7000
9-Jul-15,2.3,2.66,3.42,3.64,3.92,4.1,4.22,4.62,8000,10000,-2000,0,0,0,-2000
10-Jul-15,2.26,2.68,3.42,3.66,3.92,4.12,4.22,4.62,4767,6000,-1233,0,0,0,-1233
13-Jul-15,2.2,2.5,3.34,3.68,3.9,4.08,4.2,4.62,0,1000,-1000,0,0,0,-1000
14-Jul-15,2.24,2.48,3.32,3.68,3.86,4.04,4.16,4.62,7000,3093,3907,0,0,0,3907
15-Jul-15,2.28,2.46,3.26,3.6,3.68,4.02,4.14,4.62,6000,5314,686,0,0,0,686
16-Jul-15,2.22,2.46,3.2,3.54,3.64,3.98,4.12,4.6,8000,4331,3669,0,0,0,3669
17-Jul-15,2.08,2.34,3.12,3.44,3.52,3.88,4.04,4.58,7000,6730,270,0,0,0,270
20-Jul-15,1.96,2.18,2.98,3.22,3.38,3.76,4.06,4.58,10418,3585,6833,0,0,0,6833
21-Jul-15,1.96,2.18,2.98,3.22,3.38,3.76,4.06,4.58,11918,7237,4681,0,0,0,4681
22-Jul-15,2.1,2.46,2.9,3.14,3.48,3.78,4.02,4.56,12037,11290,747,0,0,0,747
23-Jul-15,2.22,2.72,3.22,3.42,3.6,3.86,4.06,4.56,16000,12040,3960,0,0,0,3960
24-Jul-15,2.22,2.72,3.22,3.42,3.6,3.86,4.06,4.56,12000,10390,1610,0,0,0,1610
27-Jul-15,2.7,2.92,3.46,3.78,3.94,4.08,4.16,4.54,8997,2822,6175,0,0,0,6175
28-Jul-15,2.82,3.1,3.62,3.82,4,4.14,4.24,4.56,9000,4795,4205,0,0,0,4205
29-Jul-15,3,3.4,3.68,3.92,4.08,4.18,4.36,4.56,9836,9252,584,0,0,0,584
30-Jul-15,3.38,3.64,3.8,3.94,4.12,4.2,4.36,4.58,4346,7460,-3114,0,0,0,-3114
31-Jul-15,3.96,4.12,4.22,4.3,4.32,4.4,4.54,4.64,0,9489,-9489,0,0,0,-9489
3-Aug-15,4.42,4.44,4.38,4.32,4.34,4.4,4.54,4.66,0,4990,-4990,0,0,0,-4990
4-Aug-15,4.2,4.24,4.26,4.24,4.28,4.36,4.54,4.66,0,13000,-13000,0,0,0,-13000
5-Aug-15,3.64,3.82,3.9,3.98,4.08,4.28,4.5,4.66,10000,13517,-3517,0,0,0,-3517
6-Aug-15,3.4,3.6,3.78,3.94,4.08,4.28,4.5,4.66,9000,6307,2693,0,0,0,2693
7-Aug-15,3.4,3.66,3.84,3.96,4.08,4.28,4.5,4.66,6000,4693,1307,0,0,0,1307
10-Aug-15,3.4,3.66,3.84,3.96,4.08,4.28,4.46,4.64,0,2000,-2000,0,0,0,-2000
11-Aug-15,3.8,3.92,3.94,3.98,4.1,4.28,4.46,4.64,0,2000,-2000,195,0,195,-1805
12-Aug-15,4.8,4.82,4.86,4.76,4.66,4.52,4.6,4.84,0,3749,-3749,210,0,210,-3539
13-Aug-15,4.8,4.82,4.86,4.76,4.66,4.52,4.6,4.84,0,3557,-3557,2801,0,2801,-756
14-Aug-15,4.8,4.82,4.86,4.76,4.66,4.52,4.6,4.84,0,4297,-4297,3000,0,3000,-1297
17-Aug-15,4.92,4.92,4.92,4.86,4.9,4.74,4.72,4.86,0,5495,-5495,6119,0,6119,624
18-Aug-15,5.12,5.12,5.06,5,5,4.98,4.96,4.94,0,7653,-7653,10000,195,9805,2152
19-Aug-15,4.92,4.92,4.92,4.94,4.92,4.96,4.96,4.94,2985,11189,-8204,1000,210,790,-7414
20-Aug-15,4.92,4.92,4.92,4.94,4.92,4.96,4.96,4.94,5781,13882,-8101,1000,2801,-1801,-9902
21-Aug-15,4.92,4.92,4.92,4.94,4.92,4.96,4.96,4.94,1992,10789,-8797,3000,3000,0,-8797
24-Aug-15,5.14,5.08,4.94,4.94,4.92,4.96,4.96,4.94,3000,5170,-2170,5588,6119,-531,-2701
25-Aug-15,5.14,5.08,4.92,4.94,4.92,4.96,4.96,4.94,5000,6631,-1631,1000,10000,-9000,-10631
26-Aug-15,4.44,4.54,4.68,4.72,4.78,4.92,4.96,4.94,3097,7123,-4026,306,1000,-694,-4720
27-Aug-15,4.76,4.76,4.76,4.84,4.86,4.96,4.96,4.94,9782,9800,-18,72,1000,-928,-946
28-Aug-15,3.88,3.98,4.26,4.44,4.62,4.9,4.96,4.94,7451,10877,-3426,467,3000,-2533,-5959
31-Aug-15,3.64,3.74,4.2,4.46,4.66,4.8,4.9,4.94,0,5083,-5083,595,5588,-4993,-10076
1-Sep-15,4.04,4.24,4.44,4.52,4.7,4.82,4.9,4.94,1828,4713,-2885,1000,1000,0,-2885
3-Sep-15,3.96,4.02,4.26,4.44,4.66,4.9,4.96,4.94,0,20099,-20099,1000,378,622,-19477
4-Sep-15,3.96,4.04,4.26,4.44,4.66,4.9,4.96,4.94,0,3449,-3449,1000,467,533,-2916
7-Sep-15,4.1,4.26,4.46,4.56,4.78,4.9,4.96,4.94,0,1000,-1000,208,595,-387,-1387
8-Sep-15,3.98,4.16,4.34,4.46,4.66,4.84,4.96,4.94,5000,3000,2000,237,1000,-763,1237
9-Sep-15,3.96,4.14,4.32,4.4,4.58,4.76,4.9,4.94,4994,4047,947,0,0,0,947
10-Sep-15,3.9,4.04,4.26,4.4,4.58,4.76,4.9,4.94,9000,7792,1208,217,1000,-783,425
11-Sep-15,4,4.16,4.3,4.4,4.6,4.76,4.9,4.94,2200,6457,-4257,1000,1000,0,-4257
14-Sep-15,4.1,4.18,4.36,4.48,4.66,4.78,4.9,4.94,0,1418,-1418,234,208,26,-1392
15-Sep-15,4.32,4.54,4.6,4.62,4.7,4.82,4.92,4.96,0,5807,-5807,725,237,488,-5319
16-Sep-15,4.42,4.54,4.62,4.64,4.7,4.82,4.92,4.96,0,4570,-4570,494,0,494,-4076
17-Sep-15,4.42,4.54,4.62,4.64,4.7,4.82,4.92,4.96,0,8767,-8767,217,217,0,-8767
18-Sep-15,4.34,4.46,4.56,4.62,4.68,4.82,4.92,4.96,0,5431,-5431,1000,1000,0,-5431
21-Sep-15,4.34,4.46,4.56,4.62,4.68,4.82,4.92,4.96,0,5252,-5252,488,234,254,-4998
22-Sep-15,4.38,4.5,4.56,4.64,4.72,4.82,4.92,4.96,0,11994,-11994,832,725,107,-11887
23-Sep-15,4.22,4.36,4.46,4.58,4.68,4.84,4.92,4.96,5000,6540,-1540,0,494,-494,-2034
24-Sep-15,3.8,3.84,4.22,4.42,4.58,4.8,4.92,4.96,6279,7097,-818,638,217,421,-397
25-Sep-15,3.8,3.84,4.22,4.42,4.58,4.8,4.92,4.96,6859,2179,4680,507,1000,-493,4187
28-Sep-15,2.92,3.22,3.54,4,4.22,4.64,4.76,4.96,5690,2546,3144,69,488,-419,2725
29-Sep-15,2.92,3.22,3.54,4,4.22,4.64,4.76,4.96,9367,3660,5707,235,832,-597,5110
30-Sep-15,2.88,3.12,3.54,4,4.22,4.64,4.76,4.96,0,5390,-5390,0,0,0,-5390
1-Oct-15,3.72,3.8,3.96,4.12,4.32,4.62,4.74,4.96,3000,3979,-979,346,638,-292,-1271
2-Oct-15,3.7,3.78,3.92,4.08,4.3,4.62,4.74,4.96,0,3979,-3979,0,507,-507,-4486
5-Oct-15,3.58,3.66,3.82,4,4.14,4.58,4.7,4.96,0,891,-891,0,69,-69,-960
6-Oct-15,3.32,3.36,3.58,3.82,3.98,4.54,4.68,4.94,0,7000,-7000,0,235,-235,-7235
7-Oct-15,3.32,3.36,3.52,3.8,3.98,4.52,4.66,4.94,0,5000,-5000,0,0,0,-5000
8-Oct-15,3.12,3.16,3.38,3.7,3.92,4.52,4.66,4.94,0,8042,-8042,0,346,-346,-8388
9-Oct-15,3.1,3.18,3.42,3.66,3.9,4.52,4.64,4.94,0,4106,-4106,0,0,0,-4106
12-Oct-15,3.14,3.2,3.44,3.68,3.88,4.54,4.64,4.94,0,3000,-3000,0,0,0,-3000
13-Oct-15,3.36,3.44,3.62,3.76,4.02,4.54,4.66,4.94,0,5367,-5367,0,0,0,-5367
14-Oct-15,3.36,3.44,3.62,3.76,4.02,4.54,4.66,4.94,5000,1988,3012,0,0,0,3012
15-Oct-15,3.44,3.5,3.68,3.86,4.14,4.56,4.7,4.96,0,3982,-3982,0,0,0,-3982
16-Oct-15,3.36,3.44,3.6,3.76,4.1,4.54,4.68,4.96,0,1994,-1994,0,0,0,-1994
19-Oct-15,3.28,3.4,3.58,3.74,4.1,4.52,4.66,4.96,0,1000,-1000,0,0,0,-1000
20-Oct-15,3.04,3.18,3.48,3.66,3.98,4.46,4.64,4.96,5000,1000,4000,0,0,0,4000
21-Oct-15,2.88,2.98,3.18,3.54,3.82,4.34,4.62,4.94,0,2000,-2000,0,0,0,-2000
22-Oct-15,2.46,2.7,2.88,3.24,3.58,4.16,4.52,4.94,8000,3174,4826,0,0,0,4826
23-Oct-15,2.46,2.68,2.92,3.26,3.62,4.26,4.52,4.94,0,3141,-3141,0,0,0,-3141
26-Oct-15,2.3,2.62,2.88,3.3,3.62,4.26,4.52,4.94,0,1000,-1000,0,0,0,-1000
27-Oct-15,2.18,2.4,2.68,3.18,3.54,4.26,4.52,4.92,4950,4000,950,0,0,0,950
28-Oct-15,1.9,2.16,2.52,3,3.4,4.24,4.5,4.9,6000,0,6000,0,0,0,6000
29-Oct-15,1.62,2.08,2.44,2.88,3.32,4.2,4.44,4.86,5000,1000,4000,0,0,0,4000
30-Oct-15,1.62,2.08,2.44,2.88,3.32,4.2,4.44,4.86,0,0,0,0,0,0,0
2-Nov-15,2.26,2.42,2.82,3.04,3.46,4.2,4.46,4.86,0,0,0,348,0,348,348
3-Nov-15,2.26,2.44,2.8,3,3.48,4.2,4.46,4.86,0,1000,-1000,0,0,0,-1000
4-Nov-15,2.12,2.24,2.54,3.02,3.4,4.14,4.44,4.86,0,994,-994,0,0,0,-994
5-Nov-15,2.02,2.14,2.36,2.8,3.22,4.08,4.42,4.86,10000,11000,-1000,0,0,0,-1000
6-Nov-15,1.98,2.1,2.32,2.78,3.18,4.08,4.42,4.86,7843,1000,6843,0,0,0,6843
9-Nov-15,2.36,2.54,2.96,3.24,3.6,4.18,4.5,4.86,0,0,0,0,348,-348,-348
10-Nov-15,2.34,2.58,2.98,3.24,3.6,4.18,4.5,4.86,0,0,0,0,0,0,0
11-Nov-15,2.26,2.44,2.84,3.16,3.54,4.18,4.5,4.86,0,11000,-11000,0,0,0,-11000
12-Nov-15,2.18,2.42,2.78,3.16,3.46,4.18,4.5,4.84,0,5000,-5000,0,0,0,-5000
13-Nov-15,2.14,2.34,2.74,3,3.34,4.02,4.46,4.8,9000,0,9000,0,0,0,9000
16-Nov-15,2.32,2.6,2.84,3.02,3.38,4.1,4.46,4.8,0,0,0,0,0,0,0
17-Nov-15,2.32,2.58,2.84,3.06,3.4,4.1,4.46,4.8,0,5000,-5000,0,0,0,-5000
18-Nov-15,2.32,2.58,2.86,3.06,3.38,4.1,4.46,4.8,0,1000,-1000,0,0,0,-1000
19-Nov-15,2.32,2.58,2.86,3.06,3.38,4.12,4.48,4.8,7892,11571,-3679,0,0,0,-3679
20-Nov-15,2.28,2.56,2.86,3.06,3.38,4.08,4.46,4.8,9000,9831,-831,0,0,0,-831
23-Nov-15,2.34,2.52,2.78,3.02,3.4,4.1,4.46,4.8,0,1690,-1690,0,0,0,-1690
24-Nov-15,2.52,2.72,2.92,3.14,3.46,4.16,4.52,4.8,0,8950,-8950,0,0,0,-8950
25-Nov-15,2.86,3.04,3.2,3.36,3.56,4.24,4.58,4.84,0,0,0,220,0,220,220
26-Nov-15,3.14,3.42,3.54,3.72,4.06,4.46,4.68,4.88,0,1000,-1000,0,0,0,-1000
27-Nov-15,3.14,3.42,3.54,3.72,4.06,4.46,4.68,4.88,0,9000,-9000,0,0,0,-9000
30-Nov-15,3.7,3.88,4.08,4.28,4.52,4.7,4.8,4.94,0,0,0,56,0,56,56
1-Dec-15,3.96,4.08,4.3,4.46,4.64,4.76,4.86,4.96,0,0,0,0,0,0,0
2-Dec-15,3.96,4.08,4.3,4.46,4.64,4.76,4.86,4.96,0,0,0,0,220,-220,-220
3-Dec-15,4.06,4.36,4.58,4.64,4.74,4.82,4.92,4.96,0,7892,-7892,0,0,0,-7892
4-Dec-15,4.5,4.66,4.72,4.8,4.9,4.92,4.96,4.98,0,9000,-9000,550,0,550,-8450
7-Dec-15,4.76,4.88,4.9,4.94,4.94,4.98,4.98,4.98,0,0,0,7232,56,7176,7176
8-Dec-15,4.8,4.9,4.9,4.98,4.98,4.98,4.98,4.98,0,0,0,6333,0,6333,6333
9-Dec-15,4.84,4.92,4.94,4.98,4.98,4.98,4.98,4.98,0,0,0,3391,0,3391,3391
10-Dec-15,4.84,4.92,4.94,4.98,4.98,4.98,4.98,4.98,0,0,0,10198,0,10198,10198
11-Dec-15,4.84,4.92,4.94,4.98,4.98,4.98,4.98,4.98,0,0,0,7143,550,6593,6593
14-Dec-15,4.84,4.92,4.94,4.98,4.98,4.98,4.98,4.98,0,0,0,3756,7232,-3476,-3476
15-Dec-15,4.84,4.9,4.92,4.96,4.96,4.98,4.98,4.98,0,2200,-2200,10,0,10,-2190
16-Dec-15,4.9,4.98,4.98,5.02,5.04,5.08,5.04,5.02,0,0,0,0,0,0,0
17-Dec-15,4.92,4.98,4.98,5,5.02,5.1,5.04,5.02,0,0,0,314,0,314,314
18-Dec-15,4.92,4.96,4.96,4.98,5,5.08,5.06,5.02,0,0,0,3859,0,3859,3859
21-Dec-15,4.92,4.98,5,5.02,5.04,5.08,5.08,5,0,0,0,7561,0,7561,7561
22-Dec-15,4.96,5.04,5,5.04,5.06,5.1,5.12,5.04,0,3000,-3000,8051,6333,1718,-1282
23-Dec-15,4.96,5.02,5.04,5.06,5.08,5.12,5.12,5.04,0,0,0,5088,3391,1697,1697
24-Dec-15,4.96,5.04,5.04,5.06,5.1,5.14,5.16,5.04,0,0,0,17361,10198,7163,7163
25-Dec-15,4.96,5.04,5.04,5.06,5.1,5.14,5.16,5.04,0,0,0,3283,7143,-3860,-3860
28-Dec-15,4.88,4.96,4.96,5.02,5.02,5.16,5.2,5.08,0,0,0,5386,3756,1630,1630
29-Dec-15,4.88,4.96,4.96,5.02,5.02,5.16,5.2,5.08,0,3000,-3000,4084,10,4074,1074
30-Dec-15,5.12,5.12,5.14,5.12,5.18,5.18,5.22,5.08,0,0,0,13804,0,13804,13804
31-Dec-15,5.18,5.18,5.14,5.16,5.1,5.18,5.22,5.16,0,0,0,29714,314,29400,29400
4-Jan-16,5.12,5.2,5.22,5.2,5.2,5.2,5.22,5.16,0,0,0,3181,0,3181,3181
5-Jan-16,5.1,5.16,5.18,5.2,5.18,5.2,5.22,5.16,0,0,0,4924,0,4924,4924
6-Jan-16,5.08,5.1,5.1,5.18,5.22,5.22,5.22,5.16,0,0,0,4144,0,4144,4144
7-Jan-16,5.18,5.16,5.16,5.2,5.18,5.18,5.22,5.16,0,0,0,2111,0,2111,2111
8-Jan-16,5.12,5.16,5.18,5.22,5.26,5.22,5.24,5.18,0,0,0,1769,0,1769,1769
11-Jan-16,5.14,5.18,5.18,5.22,5.26,5.22,5.24,5.22,0,0,0,1300,0,1300,1300
12-Jan-16,5.08,5.08,5.14,5.2,5.24,5.24,5.22,5.22,0,0,0,2016,4084,-2068,-2068
13-Jan-16,5,5,5.08,5.16,5.22,5.22,5.24,5.22,0,0,0,2086,0,2086,2086
14-Jan-16,5.1,5.14,5.16,5.2,5.26,5.26,5.26,5.22,0,0,0,7680,20626,-12946,-12946
15-Jan-16,4.98,5.02,5.08,5.14,5.22,5.24,5.24,5.22,0,0,0,2071,0,2071,2071
18-Jan-16,4.98,5.02,5.08,5.14,5.22,5.24,5.24,5.22,0,0,0,4861,7561,-2700,-2700
19-Jan-16,4.98,5.02,5.08,5.14,5.22,5.24,5.24,5.22,0,0,0,7053,8051,-998,-998
20-Jan-16,4.98,5.02,5.08,5.14,5.22,5.24,5.24,5.22,0,0,0,2831,5088,-2257,-2257
21-Jan-16,4.98,5.02,5.08,5.14,5.22,5.24,5.24,5.22,0,0,0,3585,2111,1474,1474
22-Jan-16,4.98,5.02,5.08,5.14,5.22,5.24,5.24,5.22,0,0,0,7816,3283,4533,4533
25-Jan-16,5.02,5.08,5.1,5.16,5.24,5.24,5.3,5.24,0,0,0,12000,0,12000,12000
26-Jan-16,5.2,5.22,5.22,5.24,5.28,5.32,5.32,5.28,0,0,0,12849,0,12849,12849
27-Jan-16,5.22,5.24,5.28,5.3,5.32,5.28,5.28,5.26,0,0,0,7161,0,7161,7161
28-Jan-16,5.26,5.32,5.32,5.32,5.34,5.36,5.32,5.28,0,0,0,14274,0,14274,14274
29-Jan-16,5.34,5.38,5.42,5.42,5.4,5.36,5.34,5.26,0,0,0,21208,0,21208,21208
1-Feb-16,5.44,5.58,5.62,5.62,5.62,5.54,5.46,5.32,0,0,0,19883,3181,16702,16702
2-Feb-16,5.44,5.58,5.62,5.62,5.62,5.54,5.46,5.32,8700,0,8700,19837,0,19837,28537
3-Feb-16,5.44,5.58,5.62,5.62,5.62,5.54,5.46,5.32,0,0,0,11513,0,11513,11513
4-Feb-16,5.44,5.58,5.62,5.62,5.62,5.54,5.46,5.32,0,0,0,27214,2296,24918,24918
5-Feb-16,5.44,5.58,5.62,5.62,5.62,5.54,5.46,5.32,0,0,0,7772,5495,2277,2277
15-Feb-16,5.44,5.58,5.62,5.62,5.62,5.54,5.46,5.32,0,0,0,156,0,156,156
16-Feb-16,4.78,4.92,4.96,5.1,5.2,5.2,5.26,5.18,4900,0,4900,106,0,106,5006
17-Feb-16,3.84,3.96,4.12,4.42,4.7,5,5.1,5.04,0,0,0,0,10663,-10663,-10663
18-Feb-16,2.74,3,3.34,3.66,4.28,4.54,4.74,5,0,0,0,0,29664,-29664,-29664
19-Feb-16,2.38,2.74,3.04,3.38,3.98,4.3,4.5,4.96,0,0,0,0,2867,-2867,-2867
22-Feb-16,2.16,2.28,2.74,3.24,3.84,4.3,4.54,4.92,0,0,0,0,12517,-12517,-12517
23-Feb-16,2.14,2.28,2.76,3.22,3.82,4.28,4.54,4.9,6000,0,6000,0,14892,-14892,-8892
24-Feb-16,1.86,1.98,2.58,3.1,3.86,4.26,4.52,4.88,0,0,0,0,15890,-15890,-15890
25-Feb-16,1.86,1.98,2.56,3.02,3.74,4.26,4.52,4.88,0,0,0,0,16768,-16768,-16768
26-Feb-16,1.9,2.04,2.56,3.14,3.8,4.28,4.54,4.88,0,0,0,0,2071,-2071,-2071
29-Feb-16,1.96,2.12,2.64,3.24,3.94,4.28,4.54,4.88,0,0,0,0,5017,-5017,-5017
1-Mar-16,2.58,2.76,3.2,3.94,4.22,4.46,4.66,4.88,0,0,0,308,11977,-11669,-11669
2-Mar-16,2.76,3.02,3.4,3.98,4.3,4.5,4.72,4.88,0,0,0,0,6975,-6975,-6975
3-Mar-16,3.4,3.6,3.92,4.22,4.48,4.66,4.76,4.94,0,0,0,201,3585,-3384,-3384
4-Mar-16,4.14,4.26,4.44,4.6,4.76,4.86,4.86,4.98,0,0,0,308,9585,-9277,-9277
7-Mar-16,4.5,4.58,4.8,4.92,5.02,5.1,5.12,5.04,0,0,0,4741,13300,-8559,-8559
8-Mar-16,4.7,4.76,4.86,4.92,5.02,5.12,5.14,5.04,0,0,0,4154,13157,-9003,-9003
9-Mar-16,4.82,4.88,4.96,5.04,5.14,5.18,5.14,5.08,0,0,0,439,995,-556,-556
10-Mar-16,4.56,4.66,4.78,4.9,5,5.04,5.04,5,0,0,0,656,12179,-11523,-11523
11-Mar-16,4.4,4.38,4.54,4.66,4.82,4.88,4.94,4.98,0,0,0,203,16021,-15818,-15818
14-Mar-16,4.36,4.48,4.54,4.64,4.8,4.9,4.94,4.98,0,0,0,54,0,54,54
15-Mar-16,4.36,4.48,4.56,4.64,4.8,4.9,4.94,4.98,0,0,0,0,0,0,0
16-Mar-16,4.28,4.4,4.54,4.66,4.84,4.88,4.94,4.98,0,0,0,0,439,-439,-439
17-Mar-16,4.04,4.22,4.48,4.66,4.76,4.88,4.94,4.98,0,0,0,0,656,-656,-656
18-Mar-16,3.9,4.04,4.28,4.46,4.66,4.82,4.92,4.98,0,0,0,315,203,112,112
21-Mar-16,3.84,3.98,4.22,4.42,4.66,4.82,4.92,4.98,0,0,0,0,4795,-4795,-4795
22-Mar-16,3.72,3.86,4.1,4.34,4.58,4.74,4.88,4.98,0,0,0,524,4154,-3630,-3630
23-Mar-16,3.72,3.86,4.08,4.34,4.58,4.74,4.88,4.98,0,0,0,444,0,444,444
24-Mar-16,3.48,3.66,3.96,4.18,4.54,4.7,4.82,4.94,0,0,0,180,0,180,180
25-Mar-16,3.4,3.48,3.74,4.1,4.48,4.7,4.8,4.94,0,0,0,50,315,-265,-265
28-Mar-16,3.36,3.44,3.7,4.22,4.48,4.72,4.78,4.94,0,0,0,158,12752,-12594,-12594
29-Mar-16,3.42,3.6,3.82,4.18,4.54,4.76,4.86,4.94,0,0,0,519,7591,-7072,-7072
30-Mar-16,3.66,3.8,3.98,4.32,4.66,4.84,4.88,4.94,0,0,0,0,7460,-7460,-7460
31-Mar-16,4.06,4.12,4.36,4.52,4.72,4.84,4.88,4.94,0,0,0,0,15091,-15091,-15091
1-Apr-16,4.38,4.44,4.6,4.7,4.82,4.9,4.9,4.94,0,0,0,997,4955,-3958,-3958
4-Apr-16,4.54,4.64,4.72,4.82,4.88,4.94,4.96,4.98,0,0,0,966,158,808,808
5-Apr-16,4.56,4.64,4.72,4.82,4.88,4.94,4.96,4.98,0,0,0,450,519,-69,-69
6-Apr-16,4.78,4.82,4.86,4.92,4.94,4.96,4.98,4.98,0,0,0,1480,0,1480,1480
7-Apr-16,4.8,4.88,4.88,4.92,4.98,4.96,4.96,4.98,0,0,0,1697,0,1697,1697
8-Apr-16,4.85,4.89,4.91,4.93,4.97,4.96,4.96,4.98,0,0,0,4688,997,3691,3691
11-Apr-16,4.9,4.94,4.96,4.96,5.02,4.96,4.96,4.98,0,0,0,7000,966,6034,6034
12-Apr-16,4.94,4.94,4.98,5,5.06,5,5,4.98,0,0,0,3606,450,3156,3156
13-Apr-16,4.94,4.94,4.98,5,5.06,4.98,4.98,4.98,0,0,0,2036,1480,556,556
14-Apr-16,4.94,4.94,4.98,5,5.06,4.98,4.98,4.98,0,0,0,2112,1697,415,415
15-Apr-16,4.94,4.94,4.98,5,5.06,4.98,4.98,4.98,0,0,0,6434,4688,1746,1746
19-Apr-16,4.94,4.94,4.98,5,5.06,4.98,4.98,4.98,0,0,0,8234,3606,4628,4628
20-Apr-16,4.94,4.94,4.98,5,5.06,4.98,4.98,4.98,0,0,0,10000,2036,7964,7964
21-Apr-16,4.94,4.94,4.98,5,5.06,4.98,4.98,4.98,0,0,0,12000,2112,9888,9888
22-Apr-16,4.94,4.94,4.98,5,5.06,4.98,4.98,4.98,0,0,0,5066,6434,-1368,-1368
25-Apr-16,4.54,4.78,4.82,4.92,4.98,5.02,5.02,4.98,0,0,0,500,0,500,500
26-Apr-16,4.12,4.62,4.74,4.82,4.94,4.98,4.98,4.96,0,0,0,0,8234,-8234,-8234
27-Apr-16,3.58,3.84,4.16,4.4,4.78,4.9,4.96,4.96,0,0,0,0,10000,-10000,-10000
28-Apr-16,3.8,4,4.12,4.46,4.82,4.98,4.98,4.96,0,0,0,0,0,0,0
29-Apr-16,3.82,3.96,4.3,4.54,4.86,4.96,4.96,4.96,0,0,0,1913,0,1913,1913
4-May-16,4.44,4.66,4.74,4.82,4.92,4.97,4.97,4.96,0,0,0,1882,0,1882,1882
5-May-16,4.5,4.66,4.72,4.78,4.86,4.95,4.97,4.96,0,0,0,745,12000,-11255,-11255
6-May-16,4.32,4.48,4.68,4.76,4.86,4.95,4.97,4.96,0,0,0,2403,6979,-4576,-4576
9-May-16,3.86,4.12,4.36,4.58,4.62,4.84,4.92,5,0,0,0,10,500,-490,-490
10-May-16,3.64,3.7,4.06,4.36,4.5,4.76,4.9,5,0,0,0,0,0,0,0
11-May-16,3,3.22,3.66,4.08,4.34,4.58,4.8,5,0,0,0,300,1882,-1582,-1582
12-May-16,2.92,3.04,3.48,3.96,4.32,4.58,4.8,5,0,0,0,0,745,-745,-745
13-May-16,2.56,2.8,3.28,3.82,4.2,4.52,4.76,4.98,0,0,0,0,2403,-2403,-2403
16-May-16,2.78,2.98,3.4,3.92,4.24,4.52,4.76,4.98,0,0,0,0,10,-10,-10
17-May-16,2.55,2.55,2.8,3.6,4.05,4.4,4.75,5,0,1000,-1000,0,0,0,-1000
18-May-16,1.85,2,2.65,3.35,3.8,4.25,4.65,4.9,0,0,0,0,300,-300,-300
19-May-16,1.17,1.33,1.93,2.67,3.33,4.03,4.47,4.9,0,0,0,0,0,0,0
20-May-16,1,1.23,1.63,2.47,3.23,3.83,4.37,4.9,0,0,0,0,0,0,0
23-May-16,0.93,1.23,2.18,2.78,3.18,3.88,4.38,4.9,0,0,0,0,0,0,0
24-May-16,0.93,1.2,2.08,2.73,3.1,3.85,4.38,4.9,0,0,0,0,0,0,0
25-May-16,0.85,1.1,2,2.63,3.05,3.83,4.38,4.9,0,0,0,0,0,0,0
26-May-16,0.8,1.05,2.05,2.73,3.05,3.85,4.38,4.9,0,0,0,0,0,0,0
27-May-16,0.74,1.04,1.86,2.5,2.92,3.68,4.3,4.66,0,0,0,0,0,0,0
30-May-16,0.6,1.22,1.88,2.5,2.88,3.66,4.3,4.66,8000,0,8000,0,0,0,8000
31-May-16,0.7,1.2,2,2.56,2.84,3.66,4.3,4.66,8000,0,8000,0,0,0,8000
1-Jun-16,1.94,2.2,2.74,3.1,3.52,4.08,4.44,4.82,8000,0,8000,0,0,0,8000
2-Jun-16,2.18,2.44,2.9,3.24,3.6,4.08,4.44,4.82,8700,0,8700,0,0,0,8700
3-Jun-16,2.28,2.54,2.96,3.42,3.9,4.12,4.44,4.82,3000,0,3000,0,0,0,3000
6-Jun-16,2.2,2.4,2.78,3.22,3.8,3.98,4.44,4.82,0,8000,-8000,0,0,0,-8000
7-Jun-16,2.04,2.32,2.72,3.14,3.62,3.98,4.44,4.82,0,8000,-8000,0,0,0,-8000
8-Jun-16,1.88,2.03,2.55,3.03,3.38,3.9,4.15,4.7,0,8000,-8000,0,0,0,-8000
9-Jun-16,1.4,1.55,2.25,2.53,3,3.75,4,4.7,3000,0,3000,0,0,0,3000
10-Jun-16,1.65,1.9,2.25,2.48,2.95,3.75,4,4.7,2000,0,2000,0,0,0,2000
13-Jun-16,1.62,1.72,2.12,2.48,2.84,3.62,4,4.66,0,0,0,0,0,0,0
14-Jun-16,1.56,1.71,2.08,2.44,2.86,3.62,4,4.66,0,0,0,0,0,0,0
15-Jun-16,1.62,1.72,2.12,2.46,2.8,3.58,3.98,4.66,0,0,0,0,0,0,0
16-Jun-16,1.18,1.42,1.88,2.22,2.56,3.46,3.76,4.58,0,11700,-11700,0,0,0,-11700
17-Jun-16,1.18,1.42,1.88,2.22,2.56,3.46,3.76,4.58,0,5000,-5000,0,0,0,-5000
20-Jun-16,1.32,1.56,1.96,2.24,2.58,3.46,3.78,4.58,0,0,0,0,0,0,0
21-Jun-16,1.1,1.22,1.84,2.16,2.48,3.46,3.74,4.58,0,0,0,0,0,0,0
22-Jun-16,1.1,1.22,1.84,2.16,2.48,3.46,3.74,4.58,0,0,0,0,0,0,0
23-Jun-16,1.1,1.16,1.8,2.12,2.44,3.36,3.7,4.58,0,0,0,0,0,0,0
24-Jun-16,1.06,1.06,1.78,2.12,2.44,3.36,3.7,4.58,5000,0,5000,0,0,0,5000
27-Jun-16,1.63,1.63,1.85,2.25,2.45,3.45,4.05,4.7,5000,0,5000,0,0,0,5000
28-Jun-16,1.63,1.63,1.85,2.25,2.45,3.45,4.05,4.7,0,0,0,0,0,0,0
29-Jun-16,1.63,1.63,1.85,2.25,2.45,3.45,4.05,4.7,0,0,0,0,0,0,0
30-Jun-16,1.63,1.63,1.85,2.25,2.45,3.45,4.05,4.7,0,0,0,0,0,0,0
1-Jul-16,1.64,1.64,2.04,2.36,2.5,3.48,4.08,4.7,0,5000,-5000,0,0,0,-5000
4-Jul-16,1.61,1.67,1.96,2.22,2.44,3.48,4.1,4.7,0,5000,-5000,0,0,0,-5000
5-Jul-16,1.57,1.57,1.96,2.22,2.42,3.48,4.04,4.64,8000,0,8000,0,0,0,8000
6-Jul-16,1.47,1.49,1.88,2.14,2.42,3.48,4.04,4.64,8000,0,8000,0,0,0,8000
7-Jul-16,1.36,1.38,1.7,2.04,2.3,3.46,3.94,4.54,5000,0,5000,0,0,0,5000
8-Jul-16,1.27,1.3,1.57,1.97,2.2,3.27,3.9,4.5,5000,0,5000,0,0,0,5000
11-Jul-16,1.12,1.18,1.54,1.88,2.1,3.16,3.86,4.5,0,0,0,0,0,0,0
12-Jul-16,1.14,1.26,1.58,1.98,2.28,3.46,3.92,4.5,0,0,0,0,0,0,0
13-Jul-16,1.14,1.26,1.6,2,2.3,3.46,3.9,4.5,0,0,0,0,0,0,0
14-Jul-16,1.1,1.22,1.58,1.98,2.28,3.46,3.92,4.5,5000,0,5000,0,0,0,5000
15-Jul-16,1.2,1.27,1.5,1.9,2.17,3.4,4,4.5,5000,0,5000,0,0,0,5000
18-Jul-16,1.25,1.28,1.5,1.95,2.2,3.4,4,4.5,0,0,0,0,0,0,0
19-Jul-16,1.25,1.28,1.55,1.9,2.2,3.35,3.85,4.5,6000,8000,-2000,0,0,0,-2000
20-Jul-16,1.25,1.28,1.6,1.9,2.2,3.35,3.85,4.5,0,8000,-8000,0,0,0,-8000
21-Jul-16,1.25,1.33,1.6,1.9,2.2,3.35,3.85,4.5,8000,5000,3000,0,0,0,3000
22-Jul-16,1.25,1.33,1.6,1.93,2.23,3.35,3.85,4.5,5000,5000,0,0,0,0,0
25-Jul-16,1.4,1.4,1.6,2,2.3,3.4,4,4.5,3000,0,3000,0,0,0,3000
26-Jul-16,1.4,1.4,1.6,2,2.25,3.4,4,4.5,3000,0,3000,0,0,0,3000
27-Jul-16,1.35,1.35,1.55,2,2.25,3.35,4,4.5,0,0,0,0,0,0,0
28-Jul-16,1.35,1.35,1.55,2,2.25,3.35,4,4.5,8000,5000,3000,0,0,0,3000
29-Jul-16,1.4,1.4,1.6,2,2.3,3.4,4,4.5,8000,5000,3000,0,0,0,3000
1-Aug-16,1.6,1.6,1.8,2.1,2.3,3.5,4.1,4.6,0,0,0,0,0,0,0
2-Aug-16,1.5,1.5,1.7,2.05,2.3,3.5,4.1,4.6,7000,8800,-1800,0,0,0,-1800
3-Aug-16,1.5,1.5,1.7,2.03,2.3,3.5,4.1,4.6,0,0,0,0,0,0,0
4-Aug-16,1.4,1.43,1.63,1.98,2.3,3.5,4.1,4.6,7000,8000,-1000,0,0,0,-1000
5-Aug-16,1.3,1.35,1.6,1.9,2.2,3.5,4,4.6,7000,5000,2000,0,0,0,2000
8-Aug-16,1.28,1.28,1.58,1.9,2.2,3.5,4,4.6,3000,3000,0,0,0,0,0
9-Aug-16,1.28,1.28,1.58,1.9,2.2,3.5,4,4.6,3000,3000,0,0,0,0,0
10-Aug-16,1.28,1.28,1.58,1.9,2.2,3.5,4,4.6,0,0,0,0,0,0,0
11-Aug-16,1.28,1.28,1.58,1.9,2.2,3.5,4,4.6,8000,8000,0,0,0,0,0
12-Aug-16,1.15,1.18,1.48,1.9,2.18,3.5,4,4.6,8000,8000,0,0,0,0,0
15-Aug-16,1.15,1.18,1.48,1.9,2.18,3.5,4,4.6,3000,0,3000,0,0,0,3000
16-Aug-16,1.13,1.15,1.45,1.88,2.15,3.48,3.98,4.6,8000,9000,-1000,0,0,0,-1000
17-Aug-16,1.1,1.13,1.33,1.88,2.18,3.45,3.98,4.6,0,0,0,0,0,0,0
18-Aug-16,1.03,1.05,1.23,1.8,2.08,3.3,3.8,4.53,8000,7000,1000,0,0,0,1000
19-Aug-16,0.8,0.8,1,1.5,1.8,3.3,3.6,4.5,8000,7000,1000,0,0,0,1000
22-Aug-16,0.7,0.7,1,1.5,1.8,3.3,3.6,4.5,8000,3000,5000,0,0,0,5000
23-Aug-16,0.6,0.7,1,1.5,1.8,3,3.55,4.5,10000,6000,4000,0,0,0,4000
24-Aug-16,0.6,0.65,0.85,1.5,1.8,3,3.55,4.5,0,0,0,0,0,0,0
25-Aug-16,0.5,0.65,0.8,1.5,1.8,3,3.5,4.5,12000,8000,4000,0,0,0,4000
26-Aug-16,0.5,0.65,0.8,1.5,1.8,3,3.5,4.5,15000,8000,7000,0,0,0,7000
29-Aug-16,0.5,0.5,0.7,1.5,1.7,3,3.5,4.5,5000,3000,2000,0,0,0,2000
30-Aug-16,0.5,0.55,0.65,1.5,1.7,2.9,3.65,4.5,10000,8000,2000,0,0,0,2000
31-Aug-16,0.5,0.6,0.725,1.5,1.7,2.9,3.65,4.5,0,0,0,0,0,0,0
1-Sep-16,0.63,0.65,0.775,1.5,1.775,2.85,3.65,4.5,0,8000,-8000,0,0,0,-8000
5-Sep-16,0.73,0.8,0.95,1.5,1.8,2.85,3.58,4.5,5000,16000,-11000,0,0,0,-11000
6-Sep-16,0.7,0.7,0.9,1.5,1.8,2.8,3.5,4.5,10000,10000,0,0,0,0,0
7-Sep-16,0.6,0.6,0.8,1.5,1.8,2.8,3.5,4.5,0,12000,-12000,0,0,0,-12000
8-Sep-16,0.53,0.53,0.73,1.43,1.77,2.8,3.5,4.5,15000,15000,0,0,0,0,0
9-Sep-16,0.53,0.53,0.73,1.43,1.77,2.8,3.5,4.5,12000,15000,-3000,0,0,0,-3000
12-Sep-16,0.55,0.55,0.75,1.475,1.8,2.8,3.5,4.5,0,5000,-5000,0,0,0,-5000
13-Sep-16,0.55,0.55,0.725,1.475,1.8,2.8,3.5,4.5,12000,10000,2000,0,0,0,2000
14-Sep-16,0.55,0.55,0.7,1.475,1.75,2.8,3.5,4.5,0,0,0,0,0,0,0
15-Sep-16,0.525,0.5,0.6,1.425,1.725,2.775,3.5,4.5,10000,0,10000,0,0,0,10000
16-Sep-16,0.525,0.5,0.6,1.425,1.725,2.775,3.5,4.5,0,0,0,0,0,0,0
19-Sep-16,0.45,0.45,0.525,1.4,1.7,2.775,3.3,4.5,7000,5000,2000,0,0,0,2000
20-Sep-16,0.4,0.425,0.5125,1.35,1.675,2.75,3.3,4.5,10000,10000,0,0,0,0,0
21-Sep-16,0.4,0.425,0.5125,1.35,1.675,2.75,3.3,4.5,12000,0,12000,0,0,0,12000
22-Sep-16,0.4,0.425,0.5125,1.35,1.675,2.75,3.3,4.5,14000,15000,-1000,0,0,0,-1000
23-Sep-16,0.4,0.5,0.6,1.45,1.775,2.75,3.3,4.5,12000,12000,0,0,0,0,0
26-Sep-16,0.40,0.50,0.58,1.43,1.78,2.75,3.30,4.50,5000,0.00,5000,0,0,0,5000
27-Sep-16,0.40,0.50,0.58,1.43,1.78,2.75,3.30,4.50,12000,12000,0,0,0,0,0
28-Sep-16,0.4,0.5,0.575,1.425,1.775,2.75,3.3,4.5,10000,0,10000,0,0,0,10000
29-Sep-16,0.55,0.625,0.725,1.45,1.775,2.75,3.3,4.5,10000,10000,0,0,0,0,0
30-Sep-16,0.675,0.7,0.95,1.5,1.8,2.75,3.3,4.5,4000,0,4000,0,0,0,4000
